<?xml version="1.0" encoding="UTF-8"?><!-- edited with XML Spy v4.3 U (http://www.xmlspy.com) by Carlos Soto (G) --><!-- edited with XMLSpy v2013 (http://www.altova.com) by  () --><xml><tableName>Sales_Tb_Payment</tableName>	<Caption>Maestra de Forma de pago</Caption>	<fields>		<field>			<Name>Pay_Code</Name>			<Caption>Código</Caption>			<Browse>True</Browse>			<AutoComplete>True</AutoComplete>			<TypeObject>txt</TypeObject>			<TypeWidth>Short</TypeWidth>			<TypeValue>Text</TypeValue>			<Null>False</Null>			<Visible>True</Visible>			<Query>SELECT Pay_Code Código  FROM Sales_Tb_Payment WHERE Pay_Is_Active = 1</Query>			<Filter>True</Filter>		</field>		<field>			<Name>Pay_Description</Name>			<Caption>Descripción</Caption>			<Browse>True</Browse>			<TypeWidth>long</TypeWidth>			<TypeObject>txt</TypeObject>			<TypeValue>Text</TypeValue>			<Null>False</Null>			<Visible>True</Visible>			<Query></Query>			<Filter>False</Filter>		</field>		<field>			<Name>Pay_Day</Name>			<Caption>Días pago</Caption>			<TypeWidth>Short</TypeWidth>			<TypeObject>txt</TypeObject>			<TypeValue>int</TypeValue>			<Browse>False</Browse>			<Null>False</Null>			<Visible>True</Visible>			<Query></Query>			<Filter>False</Filter>		</field>		<field>			<Name>Pay_Comentary</Name>			<Caption>Observación</Caption>			<TypeObject>txt</TypeObject>			<TypeWidth>ExtraLong</TypeWidth>			<TypeValue>Text</TypeValue>			<Browse>False</Browse>			<Null>True</Null>			<Visible>True</Visible>			<Query></Query>			<Filter>False</Filter>		</field>		<field>			<Name>Pay_Is_Active</Name>			<Caption>Esta Activo?</Caption>			<Browse>True</Browse>			<TypeWidth></TypeWidth>			<TypeObject>Chk</TypeObject>			<Null>True</Null>			<Visible>True</Visible>			<Query></Query>			<Filter>True</Filter>		</field>	</fields></xml>