<?xml version="1.0" encoding="UTF-8"?><!-- edited with XML Spy v4.3 U (http://www.xmlspy.com) by Carlos Soto (G) --><!-- edited with XMLSpy v2013 (http://www.altova.com) by  () --><xml>	<tableName>SALES_Tb_Currency</tableName>	<Caption>Maestra de Monedas</Caption>	<fields>		<field>			<Name>Currency_Code</Name>			<Caption>Código</Caption>			<Browse>True</Browse>			<AutoComplete>True</AutoComplete>			<TypeObject>txt</TypeObject>			<TypeWidth>Short</TypeWidth>			<TypeValue>Text</TypeValue>			<Null>False</Null>			<Visible>True</Visible>			<Query>SELECT Currency_Code Código,Currency_Code Código  FROM SALES_Tb_Currency WHERE Currency_Is_Active = 1</Query>			<Filter>True</Filter>		</field>		<field>			<Name>Currency_Description</Name>			<Caption>Descripción</Caption>			<Browse>True</Browse>			<TypeWidth>long</TypeWidth>			<TypeObject>txt</TypeObject>			<TypeValue>Text</TypeValue>			<Null>False</Null>			<Visible>True</Visible>			<Query></Query>			<Filter>False</Filter>		</field>		<field>			<Name>Currency_Bank_Rate</Name>			<Caption>Taza Bancaria</Caption>			<TypeWidth>Short</TypeWidth>			<TypeObject>txt</TypeObject>			<TypeValue>Numeric</TypeValue>			<Browse>False</Browse>			<Null>False</Null>			<Visible>True</Visible>			<Query></Query>			<Filter>False</Filter>		</field>		<field>			<Name>Currency_Cometary</Name>			<Caption>Observación</Caption>			<TypeObject>txt</TypeObject>			<TypeWidth>ExtraLong</TypeWidth>			<TypeValue>Text</TypeValue>			<Browse>False</Browse>			<Null>True</Null>			<Visible>True</Visible>			<Query></Query>			<Filter>False</Filter>		</field>		<field>			<Name>Currency_Is_Active</Name>			<Caption>Esta Activo?</Caption>			<Browse>True</Browse>			<TypeWidth></TypeWidth>			<TypeObject>Chk</TypeObject>			<Null>True</Null>			<Visible>True</Visible>			<Query></Query>			<Filter>True</Filter>		</field>	</fields></xml>