<?xml version="1.0" encoding="UTF-8"?><!-- edited with XML Spy v4.3 U (http://www.xmlspy.com) by Carlos Soto (G) --><!-- edited with XMLSpy v2013 (http://www.altova.com) by  () --><xml>	<tableName>Inv_Tb_Location</tableName>	<Caption>Localidades</Caption>	<fields>		<field>			<Name>Location_Code</Name>			<Caption>Código</Caption>			<Browse>True</Browse>			<AutoComplete>False</AutoComplete>			<TypeObject>txt</TypeObject>			<TypeWidth>Short</TypeWidth>			<TypeValue>Text</TypeValue>			<Null>False</Null>			<Visible>True</Visible>			<Query>SELECT  Location_ID ID,Location_Code Código,Location_Description Descripción FROM Inv_Tb_Location WHERE Location_Is_Active = 1</Query>			<Filter>True</Filter>		</field>		<field>			<Name>Location_Description</Name>			<Caption>Descripción</Caption>			<Browse>True</Browse>			<TypeWidth>long</TypeWidth>			<TypeObject>txt</TypeObject>			<TypeValue>Text</TypeValue>			<Null>False</Null>			<Visible>True</Visible>			<Query></Query>			<Filter>False</Filter>		</field>				<field>			<Name>Location_Comentary</Name>			<Caption>Comentario</Caption>			<TypeObject>txt</TypeObject>			<TypeWidth>ExtraLong</TypeWidth>			<TypeValue>Text</TypeValue>			<Browse>False</Browse>			<Null>True</Null>			<Visible>True</Visible>			<Query></Query>			<Filter>False</Filter>		</field>		<field>			<Name>Location_Is_Movil</Name>			<Caption>Es Movil?</Caption>			<Browse>True</Browse>			<TypeWidth></TypeWidth>			<TypeObject>Chk</TypeObject>			<Null>True</Null>			<Visible>True</Visible>			<Query></Query>			<Filter>True</Filter>		</field>				<field>			<Name>Location_Is_Active</Name>			<Caption>Esta Activo?</Caption>			<Browse>True</Browse>			<TypeWidth></TypeWidth>			<TypeObject>Chk</TypeObject>			<Null>True</Null>			<Visible>True</Visible>			<Query></Query>			<Filter>True</Filter>		</field>	</fields></xml>