<?xml version="1.0" encoding="UTF-8"?><!-- edited with XML Spy v4.3 U (http://www.xmlspy.com) by Carlos Soto (G) --><!-- edited with XMLSpy v2013 (http://www.altova.com) by  () --><xml>	<tableName>Sys_Tb_Tax</tableName>	<Caption>Impuestos</Caption>	<fields>		<field>			<Name>Tax_Code</Name>			<Caption>Código</Caption>			<Browse>True</Browse>			<AutoComplete>False</AutoComplete>			<TypeObject>txt</TypeObject>			<TypeWidth>Short</TypeWidth>			<TypeValue>Text</TypeValue>			<Null>False</Null>			<Visible>True</Visible>			<Query>SELECT  Tax_ID ID,Tax_Code Código,Tax_Description Descripción FROM Sys_Tb_Tax WHERE Tax_Is_Active = 1</Query>			<Filter>True</Filter>		</field>		<field>			<Name>Tax_Description</Name>			<Caption>Descripción</Caption>			<Browse>True</Browse>			<TypeWidth>long</TypeWidth>			<TypeObject>txt</TypeObject>			<TypeValue>Text</TypeValue>			<Null>False</Null>			<Visible>True</Visible>			<Query></Query>			<Filter>False</Filter>		</field>				<field>			<Name>Tax_Percent</Name>			<Caption>Porciento %</Caption>			<Browse>False</Browse>			<TypeWidth>Short</TypeWidth>			<TypeObject>txt</TypeObject>			<TypeValue>Numeric</TypeValue>			<Null>False</Null>			<Visible>True</Visible>			<Query></Query>			<Filter>False</Filter>		</field>				<field>			<Name>Tax_FromDate</Name>			<Caption>Desde</Caption>			<Browse>False</Browse>			<TypeWidth>Short</TypeWidth>			<TypeObject>dt</TypeObject>			<TypeValue></TypeValue>			<Null>False</Null>			<Visible>True</Visible>			<Query></Query>			<Filter>False</Filter>		</field>				<field>			<Name>Tax_ToDate</Name>			<Caption>Hasta</Caption>			<Browse>False</Browse>			<TypeWidth>Short</TypeWidth>			<TypeObject>dt</TypeObject>			<TypeValue></TypeValue>			<Null>False</Null>			<Visible>True</Visible>			<Query></Query>			<Filter>False</Filter>		</field>				<field>			<Name>Tax_Comentary</Name>			<Caption>Comentario</Caption>			<TypeObject>txt</TypeObject>			<TypeWidth>ExtraLong</TypeWidth>			<TypeValue>Text</TypeValue>			<Browse>False</Browse>			<Null>True</Null>			<Visible>True</Visible>			<Query></Query>			<Filter>False</Filter>		</field>		<field>			<Name>Tax_Is_Sales</Name>			<Caption>Para Ventas?</Caption>			<Browse>True</Browse>			<TypeWidth></TypeWidth>			<TypeObject>Chk</TypeObject>			<Null>True</Null>			<Visible>True</Visible>			<Query></Query>			<Filter>True</Filter>		</field>		<field>			<Name>Tax_Is_Active</Name>			<Caption>Esta Activo?</Caption>			<Browse>True</Browse>			<TypeWidth></TypeWidth>			<TypeObject>Chk</TypeObject>			<Null>True</Null>			<Visible>True</Visible>			<Query></Query>			<Filter>True</Filter>		</field>	</fields></xml>