<?xml version="1.0" standalone="yes"?>
<xml>
  <objecttype>Report</objecttype>
  <caption>Movimiento Por artículo, almacén y ubicación</caption>
  <sql />
  <tablename> (SELECT ID.Number Documento,IIH.Date Fecha,'Entrada de Inventario' Tipo, 
CASE WHEN IIH.Qty &gt; 0 THEN  'Entrada' ELSE 'Salida' END [Tipo Movimiento],
I.Code Artículo, I.Description Descripción ,U.Code Unidad, IIH.Qty Cantidad ,W.Code [Almacen],LC.Code Localidad,IIH.CompanyKey,IIh.BranchKey
										FROM Inv_Tb_ItemStock_History IIH INNER JOIN 
										Inv_Tb_Item_Entry ID ON IIH.Source_Doc_Key  = ID.ID AND IIH.Source_Doc_Type = 1
										INNER JOIN Inv_Tb_Item      I ON I.ID = IIH.ItemKey 
										INNER JOIN Inv_Tb_WareHouse w ON w.ID = IIH.WrHsKey
										LEFT  JOIN Sys_Tb_UofM      U ON U.ID = IIH.UofMKey
									    LEFT  JOIN Inv_Tb_Location  LC ON Lc.ID = IIH.LocationKey
										WHERE IIH.Is_Void = 0

UNION ALL 

SELECT ID.Number Documento,IIH.Date Fecha,'Conduce de Inventario' Tipo,CASE WHEN IIH.Qty &gt; 0 THEN  'Entrada' ELSE 'Salida' END [Tipo Movimiento],I.Code Artículo, I.Description Descripción, U.Code Unidad  ,IIH.Qty Cantidad ,W.Code [Almacen],LC.Code Localidad,IIH.CompanyKey,IIh.BranchKey
										FROM Inv_Tb_ItemStock_History IIH INNER JOIN 
										Inv_Tb_Dispath ID ON IIH.Source_Doc_Key  = ID.ID AND IIH.Source_Doc_Type = 2
										INNER JOIN Inv_Tb_Item      I ON I.ID = IIH.ItemKey 
										INNER JOIN Inv_Tb_WareHouse w ON w.ID = IIH.WrHsKey
										LEFT  JOIN Sys_Tb_UofM      U ON U.ID = IIH.UofMKey
										LEFT  JOIN Inv_Tb_Location  LC ON Lc.ID = IIH.LocationKey
										WHERE IIH.Is_Void = 0
UNION ALL 

SELECT ID.Number Documento,IIH.Date Fecha,'Transferencia de Inventario' Tipo,CASE WHEN IIH.Qty &gt; 0 THEN  'Entrada' ELSE 'Salida' END [Tipo Movimiento],I.Code Artículo, I.Description Descripción , U.Code Unidad ,IIH.Qty Cantidad ,W.Code [Almacen],LC.Code Localidad,IIH.CompanyKey,IIh.BranchKey
										FROM Inv_Tb_ItemStock_History IIH INNER JOIN 
										Inv_Tb_Transfer_Inventory ID ON IIH.Source_Doc_Key  = ID.ID AND IIH.Source_Doc_Type = 3
										INNER JOIN Inv_Tb_Item      I ON I.ID = IIH.ItemKey 
										INNER JOIN Inv_Tb_WareHouse w ON w.ID = IIH.WrHsKey
										LEFT  JOIN Sys_Tb_UofM      U ON U.ID = IIH.UofMKey
										LEFT  JOIN Inv_Tb_Location  LC ON Lc.ID = IIH.LocationKey
										WHERE IIH.Is_Void = 0) t</tablename>
  <Module>Inventory</Module>
  <fields>
    <field>
      <name>Documento</name>
      <Type>String</Type>
      <caption>Documento</caption>
      <isfilter>False</isfilter>
      <sql />
      <hidden>False</hidden>
      <width>2.64583</width>
      <alignment />
      <format />
      <group>False</group>
      <total>False</total>
    </field>
    <field>
      <name>Fecha</name>
      <Type>DateTime</Type>
      <caption>Fecha</caption>
      <isfilter>False</isfilter>
      <sql />
      <hidden>False</hidden>
      <width>2.64583</width>
      <alignment />
      <format />
      <group>False</group>
      <total>False</total>
    </field>
    <field>
      <name>Tipo</name>
      <Type>String</Type>
      <caption>Tipo</caption>
      <isfilter>False</isfilter>
      <sql />
      <hidden>False</hidden>
      <width>6.1383256</width>
      <alignment />
      <format />
      <group>False</group>
      <total>False</total>
    </field>
    <field>
      <name>Tipo Movimiento</name>
      <Type>String</Type>
      <caption>Tipo Movimiento</caption>
      <isfilter>False</isfilter>
      <sql />
      <hidden>False</hidden>
      <width>2.64583</width>
      <alignment />
      <format />
      <group>False</group>
      <total>False</total>
    </field>
    <field>
      <name>Artículo</name>
      <Type>String</Type>
      <caption>Artículo</caption>
      <isfilter>True</isfilter>
      <sql> SELECT ID,Code Codigo,Description Descripción,Companykey,BranchKey From Inv_Tb_Item </sql>
      <hidden>False</hidden>
      <width>2.64583</width>
      <alignment />
      <format />
      <group>False</group>
      <total>False</total>
    </field>
    <field>
      <name>Descripción</name>
      <Type>String</Type>
      <caption>Descripción</caption>
      <isfilter>False</isfilter>
      <sql />
      <hidden>False</hidden>
      <width>2.64583</width>
      <alignment />
      <format />
      <group>False</group>
      <total>False</total>
    </field>
    <field>
      <name>Unidad</name>
      <Type>String</Type>
      <caption>Unidad</caption>
      <isfilter>False</isfilter>
      <sql />
      <hidden>False</hidden>
      <width>2.64583</width>
      <alignment />
      <format />
      <group>False</group>
      <total>False</total>
    </field>
    <field>
      <name>Cantidad</name>
      <Type>Decimal</Type>
      <caption>Cantidad</caption>
      <isfilter>False</isfilter>
      <sql />
      <hidden>False</hidden>
      <width>2.64583</width>
      <alignment />
      <format />
      <group>False</group>
      <total>True</total>
    </field>
    <field>
      <name>Almacen</name>
      <Type>String</Type>
      <caption>Almacen</caption>
      <isfilter>True</isfilter>
      <sql> SELECT ID,Code Codigo,Description Descripción,Companykey,BranchKey From Inv_Tb_WareHouse </sql>
      <hidden>False</hidden>
      <width>2.64583</width>
      <alignment />
      <format />
      <group>True</group>
      <total>False</total>
    </field>
    <field>
      <name>Localidad</name>
      <Type>String</Type>
      <caption>Ubicación</caption>
      <isfilter>True</isfilter>
      <sql> SELECT ID,Code Codigo,Description Descripción,Companykey,BranchKey From Inv_Tb_Location </sql>
      <hidden>False</hidden>
      <width>2.64583</width>
      <alignment />
      <format />
      <group>False</group>
      <total>False</total>
    </field>
  </fields>
</xml>