<?xml version="1.0" standalone="yes"?>
<xml>
  <objecttype>Report</objecttype>
  <caption>Existencia de artículo por almacén y ubicación</caption>
  <sql />
  <tablename> (SELECT  I.ID ItemID,I.Code, I.Description,UofM.Code UofM, CONVERT(Decimal(18,4),SUM(ItSt.Qty * UOMPT.Factor / UOMPR.Factor)) Stock,Wh.Code WareHouse,Wh.Description WareHouseDescription,ISNULL(L.Code,'') Location,L.Description LocationDescription,I.CompanyKey,I.BranchKey
		  FROM Inv_Tb_ItemStock_History ItSt 
		  INNER JOIN Inv_Tb_Item              I       ON I.ID = ItSt.ItemKey
		  INNER JOIN Inv_Tb_WareHouse         Wh      ON Wh.ID = ItSt.WrHsKey 
		  INNER JOIN Sys_Tb_UofM              UofM    ON UofM.ID = ItSt.UofMKey
		  INNER JOIN Inv_Tb_UofM_Plans_Detail UOMPR   ON UOMPR.UofM_PlansKey  = I.UofM_PlansKey AND UOMPR.UofMKey = I.Report_UofMKey
		  INNER JOIN Inv_Tb_UofM_Plans_Detail UOMPT   ON UOMPR.UofM_PlansKey  = I.UofM_PlansKey AND UOMPT.UofMKey = ItSt.UofMKey
		  LEFT  JOIN Inv_Tb_Location          L       ON L.ID = ItSt.LocationKey
WHERE ItSt.Is_Void = 0
GROUP BY I.ID , UofM.Code, L.Code, Wh.Code,I.Code, I.Description,L.Description,Wh.Description,I.CompanyKey,I.BranchKey ) t</tablename>
  <Module>Inventory</Module>
  <fields>
    <field>
      <name>ItemID</name>
      <Type>String</Type>
      <caption>ItemID</caption>
      <isfilter>False</isfilter>
      <sql />
      <hidden>True</hidden>
      <width>2.0902057</width>
      <alignment />
      <format />
      <group>False</group>
      <total>False</total>
    </field>
    <field>
      <name>Code</name>
      <Type>String</Type>
      <caption>Código Artículo</caption>
      <isfilter>True</isfilter>
      <sql> SELECT ID,Code Codigo,Description Descripción,Companykey,BranchKey From Inv_Tb_Item </sql>
      <hidden>False</hidden>
      <width>2.5929134</width>
      <alignment />
      <format />
      <group>False</group>
      <total>False</total>
    </field>
    <field>
      <name>Description</name>
      <Type>String</Type>
      <caption>Descripción Artículo</caption>
      <isfilter>False</isfilter>
      <sql />
      <hidden>False</hidden>
      <width>3.2808292</width>
      <alignment />
      <format />
      <group>False</group>
      <total>False</total>
    </field>
    <field>
      <name>UofM</name>
      <Type>String</Type>
      <caption>Código Unidad</caption>
      <isfilter>False</isfilter>
      <sql />
      <hidden>False</hidden>
      <width>2.4870802</width>
      <alignment />
      <format />
      <group>False</group>
      <total>False</total>
    </field>
    <field>
      <name>Stock</name>
      <Type>Decimal</Type>
      <caption>Existencia</caption>
      <isfilter>False</isfilter>
      <sql />
      <hidden>False</hidden>
      <width>2.2489555</width>
      <alignment />
      <format />
      <group>False</group>
      <total>True</total>
    </field>
    <field>
      <name>WareHouse</name>
      <Type>String</Type>
      <caption>Código Almacén</caption>
      <isfilter>True</isfilter>
      <sql> SELECT ID,Code Codigo,Description Descripción,Companykey,BranchKey From Inv_Tb_WareHouse </sql>
      <hidden>False</hidden>
      <width>2.7252049</width>
      <alignment />
      <format />
      <group>False</group>
      <total>False</total>
    </field>
    <field>
      <name>WareHouseDescription</name>
      <Type>String</Type>
      <caption>Descripción Almacén</caption>
      <isfilter>False</isfilter>
      <sql> SELECT ID,Code Codigo,Description Descripción,Companykey,BranchKey From Inv_Tb_WareHouse </sql>
      <hidden>False</hidden>
      <width>3.5983288</width>
      <alignment />
      <format />
      <group>True</group>
      <total>False</total>
    </field>
    <field>
      <name>Location</name>
      <Type>String</Type>
      <caption>Código Ubicación</caption>
      <isfilter>True</isfilter>
      <sql> SELECT ID,Code Codigo,Description Descripción,Companykey,BranchKey From Inv_Tb_Location </sql>
      <hidden>False</hidden>
      <width>2.910413</width>
      <alignment />
      <format />
      <group>False</group>
      <total>False</total>
    </field>
    <field>
      <name>LocationDescription</name>
      <Type>String</Type>
      <caption>Ubicación Descripción</caption>
      <isfilter>False</isfilter>
      <sql />
      <hidden>False</hidden>
      <width>3.5983288</width>
      <alignment />
      <format />
      <group>False</group>
      <total>False</total>
    </field>
  </fields>
</xml>