<?xml version="1.0" standalone="yes"?>
<xml>
  <objecttype>Report</objecttype>
  <caption>Listado de Monedas</caption>
  <sql>SELECT C.[Code] ,C.[Description] ,C.[Bank_Rate],C.Companykey,C.BranchKey   FROM Sales_Tb_Currency C </sql>
  <tablename> (SELECT C.[Code] ,C.[Description] ,C.[Bank_Rate],C.Companykey,C.BranchKey  FROM Sales_Tb_Currency C ) t</tablename>
  <Module>Admin</Module>
  <fields>
    <field>
      <name>Code</name>
      <Type>String</Type>
      <caption>Codigos</caption>
      <isfilter>True</isfilter>
      <sql> SELECT ID,Code Codigo,Description Descripcion,Companykey,BranchKey  From Sales_Tb_Currency  </sql>
      <hidden>False</hidden>
      <width>1.6668729</width>
      <alignment />
      <format />
      <group>False</group>
      <total>False</total>
    </field>
    <field>
      <name>Description</name>
      <Type>String</Type>
      <caption>Descripcion</caption>
      <isfilter>True</isfilter>
      <sql />
      <hidden>False</hidden>
      <width>3.6512454</width>
      <alignment />
      <format />
      <group>False</group>
      <total>False</total>
    </field>
    <field>
      <name>Bank_Rate</name>
      <Type>String</Type>
      <caption>Tasa</caption>
      <isfilter>True</isfilter>
      <sql />
      <hidden>False</hidden>
      <width>1.7727061</width>
      <alignment />
      <format />
      <group>False</group>
      <total>False</total>
    </field>
  </fields>
</xml>