<?xml version="1.0" encoding="UTF-8"?><!-- edited with XML Spy v4.3 U (http://www.xmlspy.com) by Carlos Soto (G) --><!-- edited with XMLSpy v2013 (http://www.altova.com) by  () --><xml>	<tableName>Sys_Tb_FiscalDoc</tableName>	<Caption>Documentos Fiscales</Caption>	<fields>		<field>			<Name>FiscalDoc_Code</Name>			<Caption>Código</Caption>			<Browse>True</Browse>			<AutoComplete>False</AutoComplete>			<TypeObject>txt</TypeObject>			<TypeWidth>Short</TypeWidth>			<TypeValue>Text</TypeValue>			<Null>False</Null>			<Visible>True</Visible>			<Query>SELECT FiscalDoc_Code Código,FiscalDoc_Description Descripción FROM Sys_Tb_FiscalDoc WHERE FiscalDoc_Is_Active = 1</Query>			<Filter>True</Filter>		</field>		<field>			<Name>FiscalDoc_Description</Name>			<Caption>Descripción</Caption>			<Browse>True</Browse>			<TypeWidth>long</TypeWidth>			<TypeObject>txt</TypeObject>			<TypeValue>Text</TypeValue>			<Null>False</Null>			<Visible>True</Visible>			<Query></Query>			<Filter>False</Filter>		</field>		<field>			<Name>FiscalDoc_Comentary</Name>			<Caption>Comentario</Caption>			<TypeObject>txt</TypeObject>			<TypeWidth>ExtraLong</TypeWidth>			<TypeValue>Text</TypeValue>			<Browse>False</Browse>			<Null>True</Null>			<Visible>True</Visible>			<Query></Query>			<Filter>False</Filter>		</field>		<field>			<Name>FiscalDoc_Is_Sales</Name>			<Caption>Es de Venta?</Caption>			<Browse>False</Browse>			<TypeWidth></TypeWidth>			<TypeObject>Chk</TypeObject>			<Null>True</Null>			<Visible>True</Visible>			<Query></Query>			<Filter>True</Filter>		</field>		<field>			<Name>FiscalDoc_Is_Active</Name>			<Caption>Esta Activo?</Caption>			<Browse>True</Browse>			<TypeWidth></TypeWidth>			<TypeObject>Chk</TypeObject>			<Null>True</Null>			<Visible>True</Visible>			<Query></Query>			<Filter>True</Filter>		</field>	</fields></xml>