<?xml version="1.0" encoding="UTF-8"?><!-- edited with XML Spy v4.3 U (http://www.xmlspy.com) by Carlos Soto (G) --><!-- edited with XMLSpy v2013 (http://www.altova.com) by  () --><xml>	<tableName>Inv_Tb_Family</tableName>	<Caption>Localidades</Caption>	<fields>	   <field>			<Name>Code</Name>			<Caption>Código</Caption>			<Browse>True</Browse>			<Mandatory>True</Mandatory>			<AutoComplete>False</AutoComplete>			<TypeObject>txt</TypeObject>			<TypeWidth>Short</TypeWidth>			<TypeValue>Text</TypeValue>			<Null>False</Null>			<Visible>True</Visible>			<Query>SELECT  Category_ID ID,Category_Code Código,Category_Description Descripción FROM Inv_Car_Tb_Category WHERE Category_Is_Active = 1</Query>			<Filter>True</Filter>		</field>		<field>			<Name>Description</Name>			<Caption>Descripción</Caption>			<Browse>True</Browse>			<Mandatory>True</Mandatory>			<TypeWidth>long</TypeWidth>			<TypeObject>txt</TypeObject>			<TypeValue>Text</TypeValue>			<Null>False</Null>			<Visible>True</Visible>			<Query></Query>			<Filter>False</Filter>		</field>				<field>			<Name>Commentary</Name>			<Caption>Comentario</Caption>			<TypeObject>txt</TypeObject>			<TypeWidth>ExtraLong</TypeWidth>			<TypeValue>Text</TypeValue>			<Browse>False</Browse>			<Null>True</Null>			<Visible>True</Visible>			<Query></Query>			<Filter>False</Filter>		</field>				<field>			<Name>Is_Active</Name>			<Caption>Esta Activo?</Caption>			<Browse>True</Browse>			<TypeWidth></TypeWidth>			<TypeObject>Chk</TypeObject>			<Null>True</Null>			<Visible>True</Visible>			<Query></Query>			<Filter>True</Filter>		</field>	</fields></xml>