<?xml version="1.0" encoding="UTF-8"?><!-- edited with XML Spy v4.3 U (http://www.xmlspy.com) by Carlos Soto (G) --><!-- edited with XMLSpy v2013 (http://www.altova.com) by  () --><xml>	<tableName>Inv_Car_Tb_Features</tableName>	<Caption>Características</Caption>	<fields>		<field>			<Name>Description</Name>			<Caption>Nombre</Caption>			<Browse>True</Browse>			<TypeWidth>long</TypeWidth>			<TypeObject>txt</TypeObject>			<TypeValue>Text</TypeValue>			<Null>False</Null>			<Visible>True</Visible>			<Query></Query>			<Filter>True</Filter>		</field>				<field>			<Name>Is_Active</Name>			<Caption>Esta Activo?</Caption>			<Browse>True</Browse>			<TypeWidth></TypeWidth>			<TypeObject>Chk</TypeObject>			<Null>True</Null>			<Visible>True</Visible>			<Query></Query>			<Filter>True</Filter>		</field>	</fields></xml>