<?xml version="1.0" encoding="UTF-8"?><!-- edited with XML Spy v4.3 U (http://www.xmlspy.com) by Carlos Soto (G) --><!-- edited with XMLSpy v2013 (http://www.altova.com) by  () --><xml>	<tableName>Inv_Tb_Size</tableName>	<Caption>Marcas de Articulo</Caption>	<fields>		<field>			<Name>Name</Name>			<Caption>Nombre</Caption>			<Browse>True</Browse>			<Mandatory>True</Mandatory>			<TypeWidth>int</TypeWidth>			<TypeObject>txt</TypeObject>			<TypeValue>Text</TypeValue>			<Null>False</Null>			<Visible>True</Visible>			<Query></Query>			<Filter>False</Filter>		</field>				<field>			<Name>Commentary</Name>			<Caption>Comentario</Caption>			<Mandatory>True</Mandatory>			<TypeObject>txt</TypeObject>			<TypeWidth>Extralong</TypeWidth>			<TypeValue>Text</TypeValue>			<Browse>False</Browse>			<Null>True</Null>			<Visible>True</Visible>			<Query></Query>			<Filter>False</Filter>		</field>				<field>			<Name>Is_Active</Name>			<Caption>Esta Activo?</Caption>			<Browse>True</Browse>			<TypeWidth></TypeWidth>			<TypeObject>Chk</TypeObject>			<Null>True</Null>			<Visible>True</Visible>			<Query></Query>			<Filter>True</Filter>		</field>	</fields></xml>