<?xml version="1.0" encoding="UTF-8"?><!-- edited with XML Spy v4.3 U (http://www.xmlspy.com) by Carlos Soto (G) --><!-- edited with XMLSpy v2013 (http://www.altova.com) by  () --><xml>	<tableName>Jew_Tb_Time</tableName>	<Caption>Dias Prestamo</Caption>	<field>			<Name>Time_Description</Name>			<Caption>Descripción</Caption>			<Browse>True</Browse>			<TypeWidth>long</TypeWidth>			<TypeObject>txt</TypeObject>			<TypeValue>Text</TypeValue>			<Null>False</Null>			<Visible>True</Visible>			<Query></Query>			<Filter>False</Filter>		</field>		<field>			<Name>Time_Day</Name>			<Caption>Días</Caption>			<TypeWidth>Short</TypeWidth>			<TypeObject>txt</TypeObject>			<TypeValue>Numeric</TypeValue>			<Browse>False</Browse>			<Null>False</Null>			<Visible>True</Visible>			<Query></Query>			<Filter>False</Filter>		</field>		<field>			<Name>Time_Cometary</Name>			<Caption>Observación</Caption>			<TypeObject>txt</TypeObject>			<TypeWidth>ExtraLong</TypeWidth>			<TypeValue>Text</TypeValue>			<Browse>False</Browse>			<Null>True</Null>			<Visible>True</Visible>			<Query></Query>			<Filter>False</Filter>		</field>		<field>			<Name>Time_Is_Active</Name>			<Caption>Esta Activo?</Caption>			<Browse>True</Browse>			<TypeWidth></TypeWidth>			<TypeObject>Chk</TypeObject>			<Null>True</Null>			<Visible>True</Visible>			<Query></Query>			<Filter>True</Filter>		</field>	</fields></xml>