<?xml version="1.0" encoding="UTF-8"?><!-- edited with XML Spy v4.3 U (http://www.xmlspy.com) by Carlos Soto (G) --><!-- edited with XMLSpy v2013 (http://www.altova.com) by  () --><xml>	<tableName>Jew_Tb_Models</tableName>	<Caption>Modelo</Caption>	<fields>		<field>			<Name>Model_Name</Name>			<Caption>Modelo</Caption>			<Browse>True</Browse>			<TypeWidth>long</TypeWidth>			<TypeObject>txt</TypeObject>			<TypeValue>Text</TypeValue>			<Null>False</Null>			<Visible>True</Visible>			<Query></Query>			<Filter>False</Filter>		</field>				<field>			<Name>MakeKey</Name>			<Caption>Marca</Caption>			<Browse>True</Browse>			<TypeWidth>txt</TypeWidth>			<TypeObject>mtxt</TypeObject>			<TypeValue>Text</TypeValue>			<Null>False</Null>			<Visible>True</Visible>			<Query>SELECT Make_Id ID,Make_Name Nombre FROM Jew_Tb_Makes</Query>			<Filter>False</Filter>		</field>				<field>			<Name>Model_Comentary</Name>			<Caption>Comentario</Caption>			<TypeObject>txt</TypeObject>			<TypeWidth>ExtraLong</TypeWidth>			<TypeValue>Text</TypeValue>			<Browse>False</Browse>			<Null>True</Null>			<Visible>True</Visible>			<Query></Query>			<Filter>False</Filter>		</field>				<field>			<Name>Model_Is_Active</Name>			<Caption>Esta Activo?</Caption>			<Browse>True</Browse>			<TypeWidth></TypeWidth>			<TypeObject>Chk</TypeObject>			<Null>True</Null>			<Visible>True</Visible>			<Query></Query>			<Filter>True</Filter>		</field>	</fields></xml>