<?xml version="1.0" encoding="UTF-8"?><!-- edited with XML Spy v4.3 U (http://www.xmlspy.com) by Carlos Soto (G) --><!-- edited with XMLSpy v2013 (http://www.altova.com) by  () --><xml><tableName>RM_Tb_Payment</tableName>	<Caption>Forma de pago</Caption>	<fields>		<field>			<Name>Code</Name>			<Caption>Código</Caption>			<Browse>True</Browse>			<AutoComplete>True</AutoComplete>			<Mandatory>True</Mandatory>			<TypeObject>txt</TypeObject>			<TypeWidth>Short</TypeWidth>			<TypeValue>Text</TypeValue>			<Null>False</Null>			<Visible>True</Visible>			<Query>SELECT Code Código  FROM RM_Tb_Payment WHERE Is_Active = 1</Query>			<Filter>True</Filter>		</field>		<field>			<Name>Name</Name>			<Caption>Descripción</Caption>			<Mandatory>True</Mandatory>			<Browse>True</Browse>			<TypeWidth>long</TypeWidth>			<TypeObject>txt</TypeObject>			<TypeValue>Text</TypeValue>			<Null>False</Null>			<Visible>True</Visible>			<Query></Query>			<Filter>False</Filter>		</field>		<field>			<Name>Is_Cash</Name>			<Caption>Efectivo?</Caption>			<Browse>True</Browse>			<TypeWidth></TypeWidth>			<TypeObject>Chk</TypeObject>			<Null>True</Null>			<Visible>True</Visible>			<Query></Query>			<Filter>True</Filter>		</field>		<field>			<Name>Commentary</Name>			<Caption>Observación</Caption>			<TypeObject>txt</TypeObject>			<TypeWidth>ExtraLong</TypeWidth>			<TypeValue>Text</TypeValue>			<Browse>False</Browse>			<Null>True</Null>			<Visible>True</Visible>			<Query></Query>			<Filter>False</Filter>		</field>		<field>			<Name>Is_Active</Name>			<Caption>Esta Activo?</Caption>			<Browse>True</Browse>			<TypeWidth></TypeWidth>			<TypeObject>Chk</TypeObject>			<Null>True</Null>			<Visible>True</Visible>			<Query></Query>			<Filter>True</Filter>		</field>	</fields></xml>