<?xml version="1.0" encoding="UTF-8"?><!-- edited with XML Spy v4.3 U (http://www.xmlspy.com) by Carlos Soto (G) --><!-- edited with XMLSpy v2013 (http://www.altova.com) by  () --><xml>	<tableName>Sys_Tb_Currency</tableName>	<Caption>Maestra de Monedas</Caption>	<fields>		<field>			<Name>Code</Name>			<Caption>Código</Caption>			<Browse>True</Browse>			<Mandatory>True</Mandatory>			<AutoComplete>True</AutoComplete>			<TypeObject>txt</TypeObject>			<TypeWidth>Short</TypeWidth>			<TypeValue>Text</TypeValue>			<Null>False</Null>			<Visible>True</Visible>			<Query>SELECT ID, Code Código  FROM Sys_Tb_Currency WHERE Is_Active = 1</Query>			<Filter>True</Filter>		</field>		<field>			<Name>Description</Name>			<Caption>Descripción</Caption>			<Browse>True</Browse>			<Mandatory>True</Mandatory>			<TypeWidth>long</TypeWidth>			<TypeObject>txt</TypeObject>			<TypeValue>Text</TypeValue>			<Null>False</Null>			<Visible>True</Visible>			<Query></Query>			<Filter>False</Filter>		</field>		<field>			<Name>Name</Name>			<Caption>Nombre</Caption>			<Browse>True</Browse>			<TypeWidth>Short</TypeWidth>			<TypeObject>txt</TypeObject>			<TypeValue>Text</TypeValue>			<Null>False</Null>			<Visible>True</Visible>			<Query></Query>			<Filter>False</Filter>		</field>		<field>			<Name>Bank_Rate</Name>			<Caption>Taza Bancaria</Caption>			<TypeWidth>Short</TypeWidth>			<TypeObject>txt</TypeObject>			<TypeValue>Numeric</TypeValue>			<Browse>False</Browse>			<Null>False</Null>			<Visible>True</Visible>			<Query></Query>			<Filter>False</Filter>		</field>				<field>			<Name>AdjustmentAccount</Name>			<Caption>Cta Ajuste</Caption>			<Browse>True</Browse>			<TypeWidth>txt</TypeWidth>			<TypeObject>mtxt</TypeObject>			<TypeValue>Text</TypeValue>			<Null>False</Null>			<Visible>True</Visible>			<Query></Query>			<Filter>False</Filter>			<IDFORM>17</IDFORM>		</field>				<field>			<Name>Commentary</Name>			<Caption>Comentario</Caption>			<TypeObject>txt</TypeObject>			<TypeWidth>ExtraLong</TypeWidth>			<TypeValue>Text</TypeValue>			<Browse>False</Browse>			<Null>True</Null>			<Visible>True</Visible>			<Query></Query>			<Filter>False</Filter>		</field>		<field>			<Name>Is_Active</Name>			<Caption>Esta Activo?</Caption>			<Browse>True</Browse>			<TypeWidth></TypeWidth>			<TypeObject>Chk</TypeObject>			<Null>True</Null>			<Visible>True</Visible>			<Query></Query>			<Filter>True</Filter>		</field>	</fields></xml>