<?xml version="1.0" encoding="UTF-8"?><xml>	<tableName>Sys_Tb_Tax</tableName>	<Caption>Impuestos</Caption>	<fields>		<field>			<Name>Code</Name>			<Caption>Código</Caption>			<Browse>True</Browse>			<AutoComplete>False</AutoComplete>			<TypeObject>txt</TypeObject>			<Mandatory>True</Mandatory>			<TypeWidth>Short</TypeWidth>			<TypeValue>Text</TypeValue>			<Null>False</Null>			<Visible>True</Visible>			<Query>SELECT  ID ID,Code Código,Description Descripción FROM Sys_Tb_Tax WHERE Is_Active = 1</Query>			<Filter>True</Filter>		</field>		<field>			<Name>Description</Name>			<Caption>Descripción</Caption>			<Browse>True</Browse>			<Mandatory>True</Mandatory>			<TypeWidth>long</TypeWidth>			<TypeObject>txt</TypeObject>			<TypeValue>Text</TypeValue>			<Null>False</Null>			<Visible>True</Visible>			<Query></Query>			<Filter>False</Filter>		</field>				<field>			<Name>Percents</Name>			<Caption>Porciento %</Caption>			<Browse>False</Browse>			<Mandatory>True</Mandatory>			<TypeWidth>Short</TypeWidth>			<TypeObject>txt</TypeObject>			<TypeValue>Numeric</TypeValue>			<Null>False</Null>			<Visible>True</Visible>			<Query></Query>			<Filter>False</Filter>		</field>				<field>			<Name>FromDate</Name>			<Caption>Desde</Caption>			<Browse>False</Browse>			<TypeWidth>Short</TypeWidth>			<TypeObject>dt</TypeObject>			<TypeValue></TypeValue>			<Null>False</Null>			<Visible>True</Visible>			<Query></Query>			<Filter>False</Filter>		</field>				<field>			<Name>ToDate</Name>			<Caption>Hasta</Caption>			<Browse>False</Browse>			<TypeWidth>Short</TypeWidth>			<TypeObject>dt</TypeObject>			<TypeValue></TypeValue>			<Null>False</Null>			<Visible>True</Visible>			<Query></Query>			<Filter>False</Filter>		</field>				<field>			<Name>AccountsPayable</Name>			<Caption>Cta Pagar</Caption>			<Browse>True</Browse>			<TypeWidth>txt</TypeWidth>			<TypeObject>mtxt</TypeObject>			<TypeValue>Text</TypeValue>			<Null>True</Null>			<Visible>True</Visible>			<Query></Query>			<Filter>False</Filter>			<IDFORM>17</IDFORM>		</field>				<field>			<Name>Commentary</Name>			<Caption>Comentario</Caption>			<TypeObject>txt</TypeObject>			<TypeWidth>ExtraLong</TypeWidth>			<TypeValue>Text</TypeValue>			<Browse>False</Browse>			<Null>True</Null>			<Visible>True</Visible>			<Query></Query>			<Filter>False</Filter>		</field>		<field>			<Name>Is_Sales</Name>			<Caption>Para Ventas?</Caption>			<Browse>True</Browse>			<TypeWidth></TypeWidth>			<TypeObject>Chk</TypeObject>			<Null>True</Null>			<Visible>True</Visible>			<Query></Query>			<Filter>True</Filter>		</field>		<field>			<Name>Is_Active</Name>			<Caption>Esta Activo?</Caption>			<Browse>True</Browse>			<TypeWidth></TypeWidth>			<TypeObject>Chk</TypeObject>			<Null>True</Null>			<Visible>True</Visible>			<Query></Query>			<Filter>True</Filter>		</field>	</fields></xml>