<?xml version="1.0" standalone="yes"?>
<xml>
  <ChartName>Ventas</ChartName>
  <ChartTitle>Ventas</ChartTitle>
  <Title>Ventas Por Mes</Title>
  <SeriesChartType>10</SeriesChartType>
  <query>SELECT 
SUM(CASE WHEN t.Mes= 1 THEN t.Total ELSE 0 END) Enero,
SUM(CASE WHEN t.Mes= 2 THEN t.Total ELSE 0 END) Febreo,
SUM(CASE WHEN t.Mes= 3 THEN t.Total ELSE 0 END) Marzo,
SUM(CASE WHEN t.Mes= 4 THEN t.Total ELSE 0 END) Abrir,
SUM(CASE WHEN t.Mes= 5 THEN t.Total ELSE 0 END) Mayo,
SUM(CASE WHEN t.Mes= 6 THEN t.Total ELSE 0 END) Junio,
SUM(CASE WHEN t.Mes= 7 THEN t.Total ELSE 0 END) Julio,
SUM(CASE WHEN t.Mes= 8 THEN t.Total ELSE 0 END) Agosto,
SUM(CASE WHEN t.Mes= 9 THEN t.Total ELSE 0 END) Septiembre,
SUM(CASE WHEN t.Mes= 10 THEN t.Total ELSE 0 END) Octubre,
SUM(CASE WHEN t.Mes= 11 THEN t.Total ELSE 0 END) Noviembre,
SUM(CASE WHEN t.Mes= 12 THEN t.Total ELSE 0 END) Diciembre
FROM (

SELECT s.Mes, ISNULL(s.Total,0) Total

FROM (
 SELECT MONTH(s.Fecha) Mes,
 ISNULL(SUM((s.salesamount-s.returnsamount-s.salesdiscount+s.returnsdiscount)*s.ExchangeRate),0) Total 
 FROM vwSales s
 WHERE Year(Fecha) = 2016
 GROUP BY MONTH(s.Fecha)
 ) s 

) t</query>

<QueryDetail>SELECT 
*
 FROM vwSales s
 WHERE Year(Fecha) = 2016</QueryDetail>
  <Module>Inventory</Module>
</xml>